{
    "threshold_ratio": [
        0.0,
        1e-06,
        2e-06,
        3e-06,
        4e-06,
        4.9999999999999996e-06,
        6e-06,
        7e-06,
        8e-06,
        9e-06,
        9.999999999999999e-06,
        1.1e-05,
        1.2e-05,
        1.3e-05,
        1.4e-05,
        1.4999999999999999e-05,
        1.6e-05,
        1.7e-05,
        1.8e-05,
        1.8999999999999998e-05,
        1.9999999999999998e-05,
        2.1e-05,
        2.2e-05,
        2.3e-05,
        2.4e-05,
        2.4999999999999998e-05,
        2.6e-05,
        2.7e-05,
        2.8e-05,
        2.9e-05,
        2.9999999999999997e-05,
        3.1e-05,
        3.2e-05,
        3.2999999999999996e-05,
        3.4e-05,
        3.5e-05,
        3.6e-05,
        3.7e-05,
        3.7999999999999995e-05,
        3.9e-05,
        3.9999999999999996e-05,
        4.1e-05,
        4.2e-05,
        4.2999999999999995e-05,
        4.4e-05,
        4.4999999999999996e-05,
        4.6e-05,
        4.7e-05,
        4.8e-05,
        4.9e-05,
        4.9999999999999996e-05
    ],
    "s2n_before": [
        -32.83485736854352,
        -32.83485736854352,
        -32.83485736854352,
        -32.83485736854352,
        -32.83485736854352,
        -32.83485736854352,
        -32.83485736854352,
        -32.83485736854352,
        -32.83485736854352,
        -32.83485736854352,
        -32.83485736854352,
        -32.83485736854352,
        -32.83485736854352,
        -32.83485736854352,
        -32.83485736854352,
        -32.83485736854352,
        -32.83485736854352,
        -32.83485736854352,
        -32.83485736854352,
        -32.83485736854352,
        -32.83485736854352,
        -32.83485736854352,
        -32.83485736854352,
        -32.83485736854352,
        -32.83485736854352,
        -32.83485736854352,
        -32.83485736854352,
        -32.83485736854352,
        -32.83485736854352,
        -32.83485736854352,
        -32.83485736854352,
        -32.83485736854352,
        -32.83485736854352,
        -32.83485736854352,
        -32.83485736854352,
        -32.83485736854352,
        -32.83485736854352,
        -32.83485736854352,
        -32.83485736854352,
        -32.83485736854352,
        -32.83485736854352,
        -32.83485736854352,
        -32.83485736854352,
        -32.83485736854352,
        -32.83485736854352,
        -32.83485736854352,
        -32.83485736854352,
        -32.83485736854352,
        -32.83485736854352,
        -32.83485736854352,
        -32.83485736854352
    ],
    "s2n_after": [
        -32.83485736854352,
        -32.83485736854352,
        -32.83482420447386,
        -32.834842348781166,
        -32.83476272347386,
        -32.83486564297094,
        -32.83492470561129,
        -32.834792885752734,
        -32.8346846829928,
        -32.83479628547616,
        -32.834701809935744,
        -32.83444599919975,
        -32.834753090815,
        -32.835340606623554,
        -32.835510348156824,
        -32.83452965116946,
        -32.83474626708204,
        -32.83405734697348,
        -32.834094702366755,
        -32.833626180219284,
        -32.832286253014345,
        -32.83211353287183,
        -32.832830906945254,
        -32.83357803033415,
        -32.83246906624828,
        -32.83347810133836,
        -32.83485028711253,
        -32.83672774470354,
        -32.83534330024571,
        -32.836564338333105,
        -32.837247894592466,
        -32.836294417119504,
        -32.83895345924434,
        -32.839173922600594,
        -32.84110685603541,
        -32.84039532494663,
        -32.84264426087675,
        -32.84118513104487,
        -32.84099266115346,
        -32.840332722604785,
        -32.84086280555552,
        -32.842662469027644,
        -32.843562369566214,
        -32.844578669582,
        -32.84415478369751,
        -32.84568226209813,
        -32.84776391490419,
        -32.85044962631571,
        -32.851684903960944,
        -32.852359366144626,
        -32.85421287862833
    ]
}