{
    "train": 0.6464899713467048,
    "test": 0.4005722460658083
}