{
    "threshold_ratio": [
        0.0,
        0.05,
        0.1,
        0.15000000000000002,
        0.2,
        0.25,
        0.30000000000000004,
        0.35000000000000003,
        0.4,
        0.45,
        0.5,
        0.55,
        0.6000000000000001,
        0.65,
        0.7000000000000001,
        0.75,
        0.8,
        0.8500000000000001,
        0.9,
        0.9500000000000001,
        1.0
    ],
    "mse_before": [
        0.9995403807858111,
        0.9888788525657864,
        1.0012581338484288,
        0.9956215320170534,
        1.0028200728017296,
        0.9987510374394614,
        1.0049917298595878,
        1.0030057898142197,
        1.0014317059040663,
        0.9966430007095701,
        1.0014859424579574,
        1.0018674257431261,
        0.997959572875665,
        1.0014517542264911,
        1.0028963180918915,
        1.0037938303481477,
        1.006430026290014,
        0.9907907091393312,
        1.0048416651359857,
        0.9965437832795939,
        0.9979232748866123
    ],
    "s2n_before": [
        0.0008659661306930708,
        0.0010019281841713908,
        0.0008228994812616588,
        0.0005567191163503722,
        0.0009665083457430502,
        0.0008553999923911622,
        0.001066660768737706,
        0.0008789047335075904,
        0.0006802388501534725,
        0.0009636614965558595,
        0.0006802787174300267,
        0.0008497198477928665,
        0.0008608934725184203,
        0.000824941082754937,
        0.000637593787016376,
        0.0009680300872420537,
        0.0010420632043232464,
        0.0007541174735332015,
        0.000695236512703491,
        0.0009462857214671558,
        0.0008146099529286793
    ],
    "mse_after": [
        0.9995403807858113,
        0.9774246738727942,
        0.8681556897307672,
        0.5931949981680853,
        0.28715181814123913,
        0.10770283569456134,
        0.03404931471150369,
        0.0126845280508411,
        0.004691717415599072,
        0.005929484082045768,
        0.007154977835432046,
        0.006257106767966991,
        0.01671449386951591,
        0.027004231372177213,
        0.035184851698269876,
        0.04733037705325316,
        0.05004676551738104,
        0.05503812114624374,
        0.05392950274848708,
        0.055717125003495085,
        0.05538516965408168
    ],
    "s2n_after": [
        0.0008659661306930705,
        0.0009981930757049506,
        0.0008047725376429256,
        0.00045257424773873076,
        0.0012414392347295875,
        0.0011239682372409087,
        0.0015316792642369572,
        0.0012043650781661211,
        1.836235002971552e-35,
        1.5576055958600886e-35,
        1.4116678391209367e-35,
        1.4812419734700818e-35,
        1.612851470358986e-35,
        1.32625349867793e-35,
        1.253675551111779e-35,
        1.0278589982014584e-35,
        9.278294691884623e-36,
        7.791619358719389e-36,
        9.53681693397927e-36,
        1.1163054841367945e-35,
        1.0200021611384091e-35
    ]
}