{
    "q_sol": [
        3.201576806047297,
        1.8082274259017812
    ],
    "c_sol": [
        3.35858351816138,
        1.8967874799725768
    ],
    "q_time": 22.993797779083252,
    "c_time": 1.430511474609375e-06,
    "q_mse": 0.48933003241531703,
    "c_mse": 0.4210228072865439
}