{
    "threshold_ratio": [
        0.0,
        0.05,
        0.1,
        0.15000000000000002,
        0.2,
        0.25,
        0.30000000000000004,
        0.35000000000000003,
        0.4,
        0.45,
        0.5,
        0.55,
        0.6000000000000001,
        0.65,
        0.7000000000000001,
        0.75,
        0.8,
        0.8500000000000001,
        0.9,
        0.9500000000000001,
        1.0
    ],
    "mse_before": [
        1.9894350724660186,
        1.9931855792642839,
        2.0040818334142223,
        2.002606934956861,
        1.991774711582465,
        1.9965434063911898,
        2.017353008079469,
        1.9811031752451427,
        2.0085859194324183,
        2.002229697056002,
        1.9911962251333,
        2.010540761573015,
        1.9972346175274882,
        1.9937900461453386,
        1.9994171603894317,
        2.0089542710696886,
        2.001449579356512,
        1.9942461245901817,
        2.0003627748389166,
        2.004002921766351,
        1.9952009870563856
    ],
    "s2n_before": [
        -35.39541317185496,
        -36.46955099400724,
        -37.435906071021925,
        -35.99607577694967,
        -35.58485728396893,
        -34.65572388249249,
        -34.94149703621323,
        -35.669318598837215,
        -36.15496354377153,
        -36.94367932512013,
        -34.70343540055492,
        -34.3498657321875,
        -36.22430104210233,
        -35.25697792082239,
        -36.460948216539094,
        -36.878288018427504,
        -34.988944198369026,
        -36.05712435405613,
        -34.18550869669567,
        -36.57159209798092,
        -36.46860870347866
    ],
    "mse_after": [
        1.989435072466019,
        1.9914930531907842,
        1.9844059628449906,
        1.9021897580040765,
        1.7409320534950021,
        1.51040775030673,
        1.3645050454127383,
        0.9396187358885468,
        0.7835293982739774,
        0.5589488919997948,
        0.38270244673562176,
        0.28096103156237884,
        0.17397066539209408,
        0.08128190200610488,
        0.060961459219448594,
        0.04748522371034554,
        0.04936995309991207,
        0.031933057268991545,
        0.01543942541966596,
        0.01423743063731641,
        0.020024823267378998
    ],
    "s2n_after": [
        -35.39541317185496,
        -86.1452076124825,
        -Infinity,
        -Infinity,
        -Infinity,
        -Infinity,
        -Infinity,
        -Infinity,
        -Infinity,
        -Infinity,
        -Infinity,
        -Infinity,
        -Infinity,
        -Infinity,
        -Infinity,
        -Infinity,
        -Infinity,
        -Infinity,
        -Infinity,
        -Infinity,
        -Infinity
    ]
}