{
    "threshold_ratio": [
        0.0,
        0.05,
        0.1,
        0.15000000000000002,
        0.2,
        0.25,
        0.30000000000000004,
        0.35000000000000003,
        0.4,
        0.45,
        0.5,
        0.55,
        0.6000000000000001,
        0.65,
        0.7000000000000001,
        0.75,
        0.8,
        0.8500000000000001,
        0.9,
        0.9500000000000001,
        1.0
    ],
    "mse_before": [
        0.9968582241231769,
        1.0033766622267608,
        0.9962361310670284,
        0.9913568698347263,
        0.9993676168075097,
        1.0033423058700535,
        0.9943334033534987,
        1.0010429993867758,
        0.99503767265999,
        0.9953564916287658,
        1.0038318247113953,
        1.0017371718548718,
        1.0028867676822093,
        1.0037353847926465,
        0.9989896320970592,
        0.9910328756171342,
        1.0068892859199994,
        1.0036919476608754,
        1.0014589092770438,
        0.9922829833596916,
        1.003868968235327
    ],
    "s2n_before": [
        0.3867576088762626,
        0.3912009690383377,
        0.388186086432633,
        0.3918627382849861,
        0.39408900905936034,
        0.38472266203154903,
        0.38846632400910475,
        0.3813572872757907,
        0.3881911479144424,
        0.38680816389728284,
        0.38862842270778314,
        0.3858337134023705,
        0.38579543266315847,
        0.38223086664420003,
        0.3852294624681504,
        0.38652822092890105,
        0.3861853929755521,
        0.38435743789733506,
        0.38207288129713496,
        0.38466232745083756,
        0.38569146217186195
    ],
    "mse_after": [
        0.996858224123177,
        0.3324523495405067,
        0.06884492494912967,
        0.10046686710240936,
        0.1311466761764671,
        0.13933643992881678,
        0.25156668747571087,
        0.29784130066987574,
        0.29725467240331055,
        0.2976044232189079,
        0.2974071267161437,
        0.297407456479559,
        0.29710749961764477,
        0.29751270760358656,
        0.29785514149539627,
        0.349011693301295,
        0.8535250435527993,
        1.4353211876165608,
        1.5773881527639813,
        1.590254716945617,
        1.5905435560283585
    ],
    "s2n_after": [
        0.3867576088762626,
        0.5403627576291533,
        0.6504104234522043,
        0.6753944953093882,
        0.6986597867418047,
        0.6831442679206056,
        0.7438707891942496,
        0.7618610118686509,
        0.773579612720346,
        0.7672123442848918,
        0.7799864440939517,
        0.7720946621260637,
        0.7716701208936679,
        0.7631205704136917,
        0.7744640215692999,
        Infinity,
        Infinity,
        Infinity,
        Infinity,
        Infinity,
        Infinity
    ]
}