{
    "threshold_ratio": [
        0.0,
        0.05,
        0.1,
        0.15000000000000002,
        0.2,
        0.25,
        0.30000000000000004,
        0.35000000000000003,
        0.4,
        0.45,
        0.5,
        0.55,
        0.6000000000000001,
        0.65,
        0.7000000000000001,
        0.75,
        0.8,
        0.8500000000000001,
        0.9,
        0.9500000000000001,
        1.0
    ],
    "mse_before": [
        2.007434838860214,
        1.989251761817548,
        1.994059202279012,
        1.9984936274230105,
        1.9910448303020625,
        1.98989166348576,
        1.9900477230139786,
        2.0071774664484066,
        1.9931698294741238,
        2.0145335583096213,
        1.9923300111569964,
        1.9904438452386395,
        2.0076879588918555,
        2.00185721946146,
        2.010821680836608,
        2.0175253127957253,
        2.0042548311027217,
        2.0153433647151853,
        1.9978701159604657,
        1.9914396850068101,
        2.0104370177689455
    ],
    "s2n_before": [
        1.8713893655583396,
        1.8955675842797621,
        1.925375589696879,
        1.897509739852174,
        1.9051347613984262,
        1.9368582984704372,
        1.8707201778073894,
        1.881330996179446,
        1.887874260857633,
        1.8774591683539936,
        1.9143241290334734,
        1.9049703723853944,
        1.8879405750186036,
        1.9019648911635445,
        1.8706342001492229,
        1.8688947761426251,
        1.8592749673894646,
        1.8429436615525707,
        1.8902157002366387,
        1.8998743832134295,
        1.8497149724674293
    ],
    "mse_after": [
        2.0074348388602146,
        0.10348954675266682,
        0.13998672791530928,
        0.30574196551505733,
        0.3345579596071304,
        0.33410587958408344,
        0.34620509538330013,
        1.372821293395021,
        1.5278382220508744,
        1.5273848680806337,
        1.5271399654709834,
        1.52652255628236,
        1.5276340424436012,
        1.526542633280257,
        1.5270930510507856,
        1.5269346537087918,
        1.527406315164472,
        1.5269519289780553,
        1.5269473597104928,
        1.527540334441148,
        6.964818168780039
    ],
    "s2n_after": [
        1.8713893655583393,
        5.582703044288816,
        5.9358278732995515,
        6.463041512763508,
        6.588372999380018,
        6.622347855358826,
        9.55627561868138,
        Infinity,
        Infinity,
        Infinity,
        Infinity,
        Infinity,
        Infinity,
        Infinity,
        Infinity,
        Infinity,
        Infinity,
        Infinity,
        Infinity,
        Infinity,
        NaN
    ]
}